day_type,Max,Min,Mean,Variance,Count
weekday,389.0,8.0,40.74390243902439,1002.0220216020139,902
weekend,384.0,10.0,39.582987406392604,864.7447813490986,427
