grade,Max,Min,Mean,Variance,Count
good,30.0,8.0,22.11243611584327,28.751841666133657,587
normal,79.0,31.0,45.91019786910198,152.8532037717636,657
bad,148.0,81.0,106.93846153846154,263.90240384615385,65
very_bad,389.0,152.0,235.78571428571428,7523.104395604397,14
