season,Max,Min,Mean,Variance,Count
Spring,389.0,11.0,57.39710144927537,2095.6328446727643,348
Summer,72.0,8.0,28.0625,121.03586647727269,353
Fall,140.0,9.0,28.84090909090909,216.63820241247424,310
Winter,247.0,11.0,46.64150943396226,715.4168204273559,318
